{"width": 1280, "height": 720, "ffx": 915.008056640625, "ffy": 913.262451171875, "ppx": 637.8966064453125, "ppy": 364.815185546875, "distortion_coeffs": [0.0, 0.0, 0.0, 0.0, 0.0]}